Date,Close_Close,Close_Close_cat,Prediction,Virtual_Trade,Test_Result,Wrong_Sum,Right_Sum
2017-10-22,-0.013254441825870322,0.0,1.0,-0.013254441825870322,0.0,-0.013254441825870322,0.0
2017-10-23,-0.06614608035774783,0.0,0.0,0.06614608035774783,1.0,0.0,0.06614608035774783
2017-10-24,0.040068201193520725,1.0,0.0,-0.040068201193520725,0.0,-0.040068201193520725,0.0
2017-10-25,0.026787582839204793,1.0,1.0,0.026787582839204793,1.0,0.0,0.026787582839204793
2017-10-26,-0.02089136490250698,0.0,0.0,0.02089136490250698,1.0,0.0,0.02089136490250698
2017-10-27,-0.0065919578114700395,0.0,1.0,-0.0065919578114700395,0.0,-0.0065919578114700395,0.0
2017-10-28,0.07349910941920146,1.0,1.0,0.07349910941920146,1.0,0.0,0.07349910941920146
2017-10-29,-0.0037738918259454524,0.0,1.0,-0.0037738918259454524,0.0,-0.0037738918259454524,0.0
2017-10-30,0.053377528860441226,1.0,1.0,0.053377528860441226,1.0,0.0,0.053377528860441226
2017-10-31,0.04442584325396837,1.0,1.0,0.04442584325396837,1.0,0.0,0.04442584325396837
2017-11-01,0.042595505951497525,1.0,0.0,-0.042595505951497525,0.0,-0.042595505951497525,0.0
2017-11-02,0.018121512356223723,1.0,1.0,0.018121512356223723,1.0,0.0,0.018121512356223723
2017-11-03,0.029599697990799978,1.0,1.0,0.029599697990799978,1.0,0.0,0.029599697990799978
2017-11-04,0.0034900459002145112,1.0,1.0,0.0034900459002145112,1.0,0.0,0.0034900459002145112
2017-11-05,-0.05823127410514928,0.0,1.0,-0.05823127410514928,0.0,-0.05823127410514928,0.0
2017-11-06,0.02063455569605699,1.0,1.0,0.02063455569605699,1.0,0.0,0.02063455569605699
2017-11-07,0.04809370952300496,1.0,1.0,0.04809370952300496,1.0,0.0,0.04809370952300496
2017-11-08,-0.04228681962280367,0.0,1.0,-0.04228681962280367,0.0,-0.04228681962280367,0.0
2017-11-09,-0.07907877019748655,0.0,1.0,-0.07907877019748655,0.0,-0.07907877019748655,0.0
2017-11-10,-0.03440555606323681,0.0,0.0,0.03440555606323681,1.0,0.0,0.03440555606323681
2017-11-11,-0.07284026561933143,0.0,1.0,-0.07284026561933143,0.0,-0.07284026561933143,0.0
2017-11-12,0.10962726050934823,1.0,1.0,0.10962726050934823,1.0,0.0,0.10962726050934823
2017-11-13,0.011437332311230453,1.0,0.0,-0.011437332311230453,0.0,-0.011437332311230453,0.0
2017-11-14,0.10400024253080886,1.0,0.0,-0.10400024253080886,0.0,-0.10400024253080886,0.0
2017-11-15,0.07833095342706509,1.0,0.0,-0.07833095342706509,0.0,-0.07833095342706509,0.0
2017-11-16,-0.01957039357245627,0.0,0.0,0.01957039357245627,1.0,0.0,0.01957039357245627
2017-11-17,0.010506493506493353,1.0,0.0,-0.010506493506493353,0.0,-0.010506493506493353,0.0
2017-11-18,0.033633641352542876,1.0,0.0,-0.033633641352542876,0.0,-0.033633641352542876,0.0
2017-11-19,0.025128689727202724,1.0,0.0,-0.025128689727202724,0.0,-0.025128689727202724,0.0
2017-11-20,-0.017550668914575462,0.0,0.0,0.017550668914575462,1.0,0.0,0.017550668914575462
2017-11-21,0.01660493827160492,1.0,0.0,-0.01660493827160492,0.0,-0.01660493827160492,0.0
2017-11-22,-0.026850446293035457,0.0,0.0,0.026850446293035457,1.0,0.0,0.026850446293035457
2017-11-23,0.023385828736865788,1.0,0.0,-0.023385828736865788,0.0,-0.023385828736865788,0.0
2017-11-24,0.06754219100575565,1.0,0.0,-0.06754219100575565,0.0,-0.06754219100575565,0.0
2017-11-25,0.06438827144276771,1.0,0.0,-0.06438827144276771,0.0,-0.06438827144276771,0.0
2017-11-26,0.04451407967032983,1.0,0.0,-0.04451407967032983,0.0,-0.04451407967032983,0.0
2017-11-27,0.017753667858463773,1.0,0.0,-0.017753667858463773,0.0,-0.017753667858463773,0.0
2017-11-28,-0.006874621441550599,0.0,1.0,-0.006874621441550599,0.0,-0.006874621441550599,0.0
2017-11-29,0.011069435550269846,1.0,1.0,0.011069435550269846,1.0,0.0,0.011069435550269846
2017-11-30,0.091959223066715,1.0,0.0,-0.091959223066715,0.0,-0.091959223066715,0.0
2017-12-01,0.0047138977121023995,1.0,1.0,0.0047138977121023995,1.0,0.0,0.0047138977121023995
2017-12-02,0.030560722827531306,1.0,1.0,0.030560722827531306,1.0,0.0,0.030560722827531306
2017-12-03,0.03358467749106353,1.0,1.0,0.03358467749106353,1.0,0.0,0.03358467749106353
2017-12-04,0.003716480699249125,1.0,0.0,-0.003716480699249125,0.0,-0.003716480699249125,0.0
2017-12-05,0.1784933702462479,1.0,1.0,0.1784933702462479,1.0,0.0,0.1784933702462479
2017-12-06,0.22551201489497874,1.0,0.0,-0.22551201489497874,0.0,-0.22551201489497874,0.0
2017-12-07,-0.04763713405696035,0.0,0.0,0.04763713405696035,1.0,0.0,0.04763713405696035
2017-12-08,-0.07503925820683466,0.0,0.0,0.07503925820683466,1.0,0.0,0.07503925820683466
2017-12-09,0.01456539606828633,1.0,1.0,0.01456539606828633,1.0,0.0,0.01456539606828633
2017-12-10,0.11108528778984827,1.0,1.0,0.11108528778984827,1.0,0.0,0.11108528778984827
2017-12-11,0.021001045868818347,1.0,1.0,0.021001045868818347,1.0,0.0,0.021001045868818347
2017-12-12,-0.04665796451629911,0.0,1.0,-0.04665796451629911,0.0,-0.04665796451629911,0.0
2017-12-13,0.011119434142986995,1.0,0.0,-0.011119434142986995,0.0,-0.011119434142986995,0.0
2017-12-14,0.06903733930859413,1.0,1.0,0.06903733930859413,1.0,0.0,0.06903733930859413
2017-12-15,0.09887644278833041,1.0,1.0,0.09887644278833041,1.0,0.0,0.09887644278833041
2017-12-16,-0.014463311881315999,0.0,1.0,-0.014463311881315999,0.0,-0.014463311881315999,0.0
2017-12-17,-0.004898849766858837,0.0,1.0,-0.004898849766858837,0.0,-0.004898849766858837,0.0
2017-12-18,-0.07635342051306371,0.0,0.0,0.07635342051306371,1.0,0.0,0.07635342051306371
2017-12-19,-0.060586519970097674,0.0,0.0,0.060586519970097674,1.0,0.0,0.060586519970097674
2017-12-20,-0.05041307253067673,0.0,1.0,-0.05041307253067673,0.0,-0.05041307253067673,0.0
2017-12-21,-0.12583721956742855,0.0,1.0,-0.12583721956742855,0.0,-0.12583721956742855,0.0
2017-12-22,0.05353091840468349,1.0,1.0,0.05353091840468349,1.0,0.0,0.05353091840468349
2017-12-23,-0.04212829507171878,0.0,1.0,-0.04212829507171878,0.0,-0.04212829507171878,0.0
2017-12-24,0.0031544597534445273,1.0,1.0,0.0031544597534445273,1.0,0.0,0.0031544597534445273
2017-12-25,0.13901760219756398,1.0,1.0,0.13901760219756398,1.0,0.0,0.13901760219756398
2017-12-26,-0.021578259269131705,0.0,0.0,0.021578259269131705,1.0,0.0,0.021578259269131705
2017-12-27,-0.0660262314647847,0.0,0.0,0.0660262314647847,1.0,0.0,0.0660262314647847
2017-12-28,-0.000423649357233713,0.0,0.0,0.000423649357233713,1.0,0.0,0.000423649357233713
2017-12-29,-0.12930950627405757,0.0,0.0,0.12930950627405757,1.0,0.0,0.12930950627405757
2017-12-30,0.10524677811913974,1.0,0.0,-0.10524677811913974,0.0,-0.10524677811913974,0.0
2017-12-31,-0.029277132790388682,0.0,1.0,-0.029277132790388682,0.0,-0.029277132790388682,0.0
2018-01-01,0.09737521290600903,1.0,0.0,-0.09737521290600903,0.0,-0.09737521290600903,0.0
2018-01-02,0.027280552524383106,1.0,0.0,-0.027280552524383106,0.0,-0.027280552524383106,0.0
2018-01-03,0.001550479659026438,1.0,0.0,-0.001550479659026438,0.0,-0.001550479659026438,0.0
2018-01-04,0.11690963827642764,1.0,0.0,-0.11690963827642764,0.0,-0.11690963827642764,0.0
2018-01-05,0.012828225635218349,1.0,0.0,-0.012828225635218349,0.0,-0.012828225635218349,0.0
2018-01-06,-0.05497807515591957,0.0,0.0,0.05497807515591957,1.0,0.0,0.05497807515591957
2018-01-07,-0.07714965307304567,0.0,0.0,0.07714965307304567,1.0,0.0,0.07714965307304567
2018-01-08,-0.013200945500193684,0.0,0.0,0.013200945500193684,1.0,0.0,0.013200945500193684
2018-01-09,0.01789762154481167,1.0,0.0,-0.01789762154481167,0.0,-0.01789762154481167,0.0
2018-01-10,-0.1002193711360766,0.0,0.0,0.1002193711360766,1.0,0.0,0.1002193711360766
2018-01-11,0.025954164634957255,1.0,0.0,-0.025954164634957255,0.0,-0.025954164634957255,0.0
2018-01-12,0.02920060201487762,1.0,0.0,-0.02920060201487762,0.0,-0.02920060201487762,0.0
2018-01-13,-0.04177103594967879,0.0,0.0,0.04177103594967879,1.0,0.0,0.04177103594967879
2018-01-14,0.0001679420526898845,1.0,0.0,-0.0001679420526898845,0.0,-0.0001679420526898845,0.0
2018-01-15,-0.17050556670925354,0.0,0.0,0.17050556670925354,1.0,0.0,0.17050556670925354
2018-01-16,-0.014935750748107823,0.0,0.0,0.014935750748107823,1.0,0.0,0.014935750748107823
2018-01-17,0.004744333157617353,1.0,1.0,0.004744333157617353,1.0,0.0,0.004744333157617353
2018-01-18,0.029772173510946853,1.0,0.0,-0.029772173510946853,0.0,-0.029772173510946853,0.0
2018-01-19,0.11042123624807854,1.0,0.0,-0.11042123624807854,0.0,-0.11042123624807854,0.0
2018-01-20,-0.0982976770952414,0.0,0.0,0.0982976770952414,1.0,0.0,0.0982976770952414
2018-01-21,-0.0629673390887373,0.0,0.0,0.0629673390887373,1.0,0.0,0.0629673390887373
2018-01-22,0.0035343494588029323,1.0,1.0,0.0035343494588029323,1.0,0.0,0.0035343494588029323
2018-01-23,0.05036136180203954,1.0,1.0,0.05036136180203954,1.0,0.0,0.05036136180203954
2018-01-24,-0.021768553041746963,0.0,0.0,0.021768553041746963,1.0,0.0,0.021768553041746963
2018-01-25,-0.007578327233776605,0.0,0.0,0.007578327233776605,1.0,0.0,0.007578327233776605
2018-01-26,0.03142623289950608,1.0,0.0,-0.03142623289950608,0.0,-0.03142623289950608,0.0
2018-01-27,0.028567691301504272,1.0,0.0,-0.028567691301504272,0.0,-0.028567691301504272,0.0
2018-01-28,-0.046654966893031946,0.0,0.0,0.046654966893031946,1.0,0.0,0.046654966893031946
2018-01-29,-0.09593767785998852,0.0,1.0,-0.09593767785998852,0.0,-0.09593767785998852,0.0
2018-01-30,0.009777690340350143,1.0,1.0,0.009777690340350143,1.0,0.0,0.009777690340350143
2018-01-31,-0.10562666822530042,0.0,1.0,-0.10562666822530042,0.0,-0.10562666822530042,0.0
2018-02-01,-0.0313578982910544,0.0,1.0,-0.0313578982910544,0.0,-0.0313578982910544,0.0
2018-02-02,0.039119776908199455,1.0,1.0,0.039119776908199455,1.0,0.0,0.039119776908199455
2018-02-03,-0.11025743688521927,0.0,1.0,-0.11025743688521927,0.0,-0.11025743688521927,0.0
2018-02-04,-0.1561260976381018,0.0,1.0,-0.1561260976381018,0.0,-0.1561260976381018,0.0
2018-02-05,0.10992289399726163,1.0,1.0,0.10992289399726163,1.0,0.0,0.10992289399726163
2018-02-06,-0.013829013660208833,0.0,1.0,-0.013829013660208833,0.0,-0.013829013660208833,0.0
2018-02-07,0.07498650374603333,1.0,1.0,0.07498650374603333,1.0,0.0,0.07498650374603333
2018-02-08,0.06560348840057806,1.0,1.0,0.06560348840057806,1.0,0.0,0.06560348840057806
2018-02-09,-0.016115312995700903,0.0,1.0,-0.016115312995700903,0.0,-0.016115312995700903,0.0
2018-02-10,-0.05580868264872196,0.0,1.0,-0.05580868264872196,0.0,-0.05580868264872196,0.0
2018-02-11,0.10165926329204766,1.0,1.0,0.10165926329204766,1.0,0.0,0.10165926329204766
2018-02-12,-0.04091649351378668,0.0,1.0,-0.04091649351378668,0.0,-0.04091649351378668,0.0
2018-02-13,0.10974095934045325,1.0,1.0,0.10974095934045325,1.0,0.0,0.10974095934045325
2018-02-14,0.059200320800312456,1.0,1.0,0.059200320800312456,1.0,0.0,0.059200320800312456
2018-02-15,0.014087453797336114,1.0,1.0,0.014087453797336114,1.0,0.0,0.014087453797336114
2018-02-16,0.08790906500830165,1.0,0.0,-0.08790906500830165,0.0,-0.08790906500830165,0.0
2018-02-17,-0.06092924549600409,0.0,0.0,0.06092924549600409,1.0,0.0,0.06092924549600409
2018-02-18,0.07410470438896799,1.0,0.0,-0.07410470438896799,0.0,-0.07410470438896799,0.0
2018-02-19,0.006204451447705539,1.0,0.0,-0.006204451447705539,0.0,-0.006204451447705539,0.0
2018-02-20,-0.06813065568081722,0.0,0.0,0.06813065568081722,1.0,0.0,0.06813065568081722
2018-02-21,-0.06027881218371045,0.0,0.0,0.06027881218371045,1.0,0.0,0.06027881218371045
2018-02-22,0.03339870144385615,1.0,1.0,0.03339870144385615,1.0,0.0,0.03339870144385615
2018-02-23,-0.04582907260284752,0.0,1.0,-0.04582907260284752,0.0,-0.04582907260284752,0.0
2018-02-24,-0.012272909947136701,0.0,0.0,0.012272909947136701,1.0,0.0,0.012272909947136701
2018-02-25,0.07301882068188448,1.0,0.0,-0.07301882068188448,0.0,-0.07301882068188448,0.0
2018-02-26,0.030072629337585477,1.0,0.0,-0.030072629337585477,0.0,-0.030072629337585477,0.0
2018-02-27,-0.02458846182889074,0.0,0.0,0.02458846182889074,1.0,0.0,0.02458846182889074
2018-02-28,0.05521632684659239,1.0,1.0,0.05521632684659239,1.0,0.0,0.05521632684659239
2018-03-01,-0.0070429639139804046,0.0,0.0,0.0070429639139804046,1.0,0.0,0.0070429639139804046
2018-03-02,0.053067595149477675,1.0,1.0,0.053067595149477675,1.0,0.0,0.053067595149477675
2018-03-03,0.0012453627776851661,1.0,0.0,-0.0012453627776851661,0.0,-0.0012453627776851661,0.0
2018-03-04,-0.007524197433539159,0.0,1.0,-0.007524197433539159,0.0,-0.007524197433539159,0.0
2018-03-05,-0.05785218788060653,0.0,0.0,0.05785218788060653,1.0,0.0,0.05785218788060653
2018-03-06,-0.0723365589081133,0.0,1.0,-0.0723365589081133,0.0,-0.0723365589081133,0.0
2018-03-07,-0.06088115602500277,0.0,1.0,-0.06088115602500277,0.0,-0.06088115602500277,0.0
2018-03-08,-0.008924731182795687,0.0,1.0,-0.008924731182795687,0.0,-0.008924731182795687,0.0
2018-03-09,-0.049365303244005676,0.0,0.0,0.049365303244005676,1.0,0.0,0.049365303244005676
2018-03-10,0.08760556950467935,1.0,0.0,-0.08760556950467935,0.0,-0.08760556950467935,0.0
2018-03-11,-0.04115597716588326,0.0,0.0,0.04115597716588326,1.0,0.0,0.04115597716588326
2018-03-12,0.001915205638365336,1.0,0.0,-0.001915205638365336,0.0,-0.001915205638365336,0.0
2018-03-13,-0.10314694862860319,0.0,0.0,0.10314694862860319,1.0,0.0,0.10314694862860319
2018-03-14,0.00655250529802931,1.0,1.0,0.00655250529802931,1.0,0.0,0.00655250529802931
2018-03-15,0.003000822806253467,1.0,0.0,-0.003000822806253467,0.0,-0.003000822806253467,0.0
2018-03-16,-0.04998069777541869,0.0,1.0,-0.04998069777541869,0.0,-0.04998069777541869,0.0
2018-03-17,0.04143544679932454,1.0,0.0,-0.04143544679932454,0.0,-0.04143544679932454,0.0
2018-03-18,0.05067551090084366,1.0,1.0,0.05067551090084366,1.0,0.0,0.05067551090084366
2018-03-19,0.03432828892396267,1.0,0.0,-0.03432828892396267,0.0,-0.03432828892396267,0.0
2018-03-20,-0.0007517447209569594,0.0,0.0,0.0007517447209569594,1.0,0.0,0.0007517447209569594
2018-03-21,-0.020177635050921183,0.0,1.0,-0.020177635050921183,0.0,-0.020177635050921183,0.0
2018-03-22,0.021842268112121976,1.0,1.0,0.021842268112121976,1.0,0.0,0.021842268112121976
2018-03-23,-0.041427417907769604,0.0,1.0,-0.041427417907769604,0.0,-0.041427417907769604,0.0
2018-03-24,-0.008681002410089511,0.0,0.0,0.008681002410089511,1.0,0.0,0.008681002410089511
2018-03-25,-0.038910919133267274,0.0,1.0,-0.038910919133267274,0.0,-0.038910919133267274,0.0
2018-03-26,-0.04197212500767489,0.0,0.0,0.04197212500767489,1.0,0.0,0.04197212500767489
2018-03-27,0.01963674583744557,1.0,1.0,0.01963674583744557,1.0,0.0,0.01963674583744557
2018-03-28,-0.10379765930432816,0.0,1.0,-0.10379765930432816,0.0,-0.10379765930432816,0.0
2018-03-29,-0.03864388711215849,0.0,1.0,-0.03864388711215849,0.0,-0.03864388711215849,0.0
2018-03-30,0.012329106905758946,1.0,1.0,0.012329106905758946,1.0,0.0,0.012329106905758946
2018-03-31,-0.016286644951140072,0.0,1.0,-0.016286644951140072,0.0,-0.016286644951140072,0.0
2018-04-01,0.03563265545331995,1.0,1.0,0.03563265545331995,1.0,0.0,0.03563265545331995
2018-04-02,0.05033670986361849,1.0,1.0,0.05033670986361849,1.0,0.0,0.05033670986361849
2018-04-03,-0.08287761644352254,0.0,1.0,-0.08287761644352254,0.0,-0.08287761644352254,0.0
2018-04-04,-0.003950711568682097,0.0,1.0,-0.003950711568682097,0.0,-0.003950711568682097,0.0
2018-04-05,-0.02325272780890586,0.0,1.0,-0.02325272780890586,0.0,-0.02325272780890586,0.0
2018-04-06,0.0424799601467325,1.0,0.0,-0.0424799601467325,0.0,-0.0424799601467325,0.0
2018-04-07,0.01807202745558012,1.0,0.0,-0.01807202745558012,0.0,-0.01807202745558012,0.0
2018-04-08,-0.03536021620083929,0.0,0.0,0.03536021620083929,1.0,0.0,0.03536021620083929
2018-04-09,0.010749200076674681,1.0,0.0,-0.010749200076674681,0.0,-0.010749200076674681,0.0
2018-04-10,0.015653264865495675,1.0,0.0,-0.015653264865495675,0.0,-0.015653264865495675,0.0
2018-04-11,0.13853578661610721,1.0,0.0,-0.13853578661610721,0.0,-0.13853578661610721,0.0
2018-04-12,-0.004945373804657871,0.0,0.0,0.004945373804657871,1.0,0.0,0.004945373804657871
2018-04-13,0.014833785531353838,1.0,1.0,0.014833785531353838,1.0,0.0,0.014833785531353838
2018-04-14,0.044875318574783885,1.0,1.0,0.044875318574783885,1.0,0.0,0.044875318574783885
2018-04-15,-0.035104500454349874,0.0,1.0,-0.035104500454349874,0.0,-0.035104500454349874,0.0
2018-04-16,-0.019999999999999907,0.0,0.0,0.019999999999999907,1.0,0.0,0.019999999999999907
2018-04-17,0.03411476114609413,1.0,1.0,0.03411476114609413,1.0,0.0,0.03411476114609413
2018-04-18,0.013743519514819447,1.0,0.0,-0.013743519514819447,0.0,-0.013743519514819447,0.0
2018-04-19,0.06949872147440539,1.0,0.0,-0.06949872147440539,0.0,-0.06949872147440539,0.0
2018-04-20,0.006326829818428026,1.0,0.0,-0.006326829818428026,0.0,-0.006326829818428026,0.0
2018-04-21,-0.013044793849671055,0.0,1.0,-0.013044793849671055,0.0,-0.013044793849671055,0.0
2018-04-22,0.016589641977130976,1.0,0.0,-0.016589641977130976,0.0,-0.016589641977130976,0.0
2018-04-23,0.0773501027611474,1.0,0.0,-0.0773501027611474,0.0,-0.0773501027611474,0.0
2018-04-24,-0.08005971820472135,0.0,0.0,0.08005971820472135,1.0,0.0,0.08005971820472135
2018-04-25,0.04664660603396786,1.0,1.0,0.04664660603396786,1.0,0.0,0.04664660603396786
2018-04-26,-0.03726714762571337,0.0,0.0,0.03726714762571337,1.0,0.0,0.03726714762571337
2018-04-27,0.04602444944021289,1.0,1.0,0.04602444944021289,1.0,0.0,0.04602444944021289
2018-04-28,0.0067041614986529385,1.0,1.0,0.0067041614986529385,1.0,0.0,0.0067041614986529385
2018-04-29,-0.018056101369077315,0.0,1.0,-0.018056101369077315,0.0,-0.018056101369077315,0.0
2018-04-30,-0.01840975219305374,0.0,0.0,0.01840975219305374,1.0,0.0,0.01840975219305374
2018-05-01,0.01854565890533233,1.0,0.0,-0.01854565890533233,0.0,-0.01854565890533233,0.0
2018-05-02,0.05479703998615193,1.0,0.0,-0.05479703998615193,0.0,-0.05479703998615193,0.0
2018-05-03,-0.004215514323517633,0.0,0.0,0.004215514323517633,1.0,0.0,0.004215514323517633
2018-05-04,0.01492491193374934,1.0,0.0,-0.01492491193374934,0.0,-0.01492491193374934,0.0
2018-05-05,-0.02000304460344049,0.0,0.0,0.02000304460344049,1.0,0.0,0.02000304460344049
2018-05-06,-0.023279897270204186,0.0,0.0,0.023279897270204186,1.0,0.0,0.023279897270204186
2018-05-07,-0.02493744433606182,0.0,1.0,-0.02493744433606182,0.0,-0.02493744433606182,0.0
2018-05-08,0.013342177373754982,1.0,1.0,0.013342177373754982,1.0,0.0,0.013342177373754982
2018-05-09,-0.03148372696934254,0.0,1.0,-0.03148372696934254,0.0,-0.03148372696934254,0.0
2018-05-10,-0.0684046666740531,0.0,0.0,0.0684046666740531,1.0,0.0,0.0684046666740531
2018-05-11,0.006089221364604214,1.0,0.0,-0.006089221364604214,0.0,-0.006089221364604214,0.0
2018-05-12,0.027661209291329314,1.0,0.0,-0.027661209291329314,0.0,-0.027661209291329314,0.0
2018-05-13,-0.0022315523091964717,0.0,0.0,0.0022315523091964717,1.0,0.0,0.0022315523091964717
2018-05-14,-0.022722818505666376,0.0,0.0,0.022722818505666376,1.0,0.0,0.022722818505666376
2018-05-15,-0.015642326294679765,0.0,0.0,0.015642326294679765,1.0,0.0,0.015642326294679765
2018-05-16,-0.03372321556972335,0.0,0.0,0.03372321556972335,1.0,0.0,0.03372321556972335
2018-05-17,0.02265905990326189,1.0,0.0,-0.02265905990326189,0.0,-0.02265905990326189,0.0
2018-05-18,-7.276519883092636e-05,0.0,0.0,7.276519883092636e-05,1.0,0.0,7.276519883092636e-05
2018-05-19,0.03443257207311001,1.0,0.0,-0.03443257207311001,0.0,-0.03443257207311001,0.0
2018-05-20,-0.014737952866690218,0.0,0.0,0.014737952866690218,1.0,0.0,0.014737952866690218
2018-05-21,-0.04727904513702941,0.0,0.0,0.04727904513702941,1.0,0.0,0.04727904513702941
2018-05-22,-0.0616662503122658,0.0,1.0,-0.0616662503122658,0.0,-0.0616662503122658,0.0
2018-05-23,0.010729070990242562,1.0,0.0,-0.010729070990242562,0.0,-0.010729070990242562,0.0
2018-05-24,-0.01517206864307441,0.0,0.0,0.01517206864307441,1.0,0.0,0.01517206864307441
2018-05-25,-0.015566283750350962,0.0,1.0,-0.015566283750350962,0.0,-0.015566283750350962,0.0
2018-05-26,0.0007335660820777523,1.0,1.0,0.0007335660820777523,1.0,0.0,0.0007335660820777523
2018-05-27,-0.03358355844543681,0.0,0.0,0.03358355844543681,1.0,0.0,0.03358355844543681
2018-05-28,0.048937395530459504,1.0,1.0,0.048937395530459504,1.0,0.0,0.048937395530459504
2018-05-29,-0.00905231865232925,0.0,0.0,0.00905231865232925,1.0,0.0,0.00905231865232925
2018-05-30,0.013851164173457109,1.0,0.0,-0.013851164173457109,0.0,-0.013851164173457109,0.0
2018-05-31,0.0037586969850451624,1.0,0.0,-0.0037586969850451624,0.0,-0.0037586969850451624,0.0
2018-06-01,0.015376852392840146,1.0,0.0,-0.015376852392840146,0.0,-0.015376852392840146,0.0
2018-06-02,0.010815264300473304,1.0,0.0,-0.010815264300473304,0.0,-0.010815264300473304,0.0
2018-06-03,-0.029110009962092342,0.0,1.0,-0.029110009962092342,0.0,-0.029110009962092342,0.0
2018-06-04,0.01695028183841263,1.0,0.0,-0.01695028183841263,0.0,-0.01695028183841263,0.0
2018-06-05,0.00386555722990245,1.0,1.0,0.00386555722990245,1.0,0.0,0.00386555722990245
2018-06-06,0.004803550450332983,1.0,1.0,0.004803550450332983,1.0,0.0,0.004803550450332983
2018-06-07,-0.009833978539322885,0.0,1.0,-0.009833978539322885,0.0,-0.009833978539322885,0.0
2018-06-08,-0.01394628776846274,0.0,1.0,-0.01394628776846274,0.0,-0.01394628776846274,0.0
2018-06-09,-0.09855238297985569,0.0,0.0,0.09855238297985569,1.0,0.0,0.09855238297985569
2018-06-10,0.016354002154949532,1.0,1.0,0.016354002154949532,1.0,0.0,0.016354002154949532
2018-06-11,-0.04759000275926162,0.0,0.0,0.04759000275926162,1.0,0.0,0.04759000275926162
2018-06-12,-0.037495044371931296,0.0,0.0,0.037495044371931296,1.0,0.0,0.037495044371931296
2018-06-13,0.05303930421557923,1.0,1.0,0.05303930421557923,1.0,0.0,0.05303930421557923
2018-06-14,-0.035624558077958834,0.0,0.0,0.035624558077958834,1.0,0.0,0.035624558077958834
2018-06-15,0.014897898694288925,1.0,1.0,0.014897898694288925,1.0,0.0,0.014897898694288925
2018-06-16,-0.006993759414676171,0.0,1.0,-0.006993759414676171,0.0,-0.006993759414676171,0.0
2018-06-17,0.0401684132315836,1.0,1.0,0.0401684132315836,1.0,0.0,0.0401684132315836
2018-06-18,0.00485133486115652,1.0,0.0,-0.00485133486115652,0.0,-0.00485133486115652,0.0
2018-06-19,0.0019252413956518666,1.0,0.0,-0.0019252413956518666,0.0,-0.0019252413956518666,0.0
2018-06-20,-0.005528128418127443,0.0,0.0,0.005528128418127443,1.0,0.0,0.005528128418127443
2018-06-21,-0.0999256837098692,0.0,1.0,-0.0999256837098692,0.0,-0.0999256837098692,0.0
2018-06-22,0.01842891820929049,1.0,0.0,-0.01842891820929049,0.0,-0.01842891820929049,0.0
2018-06-23,-0.0020592479691274868,0.0,0.0,0.0020592479691274868,1.0,0.0,0.0020592479691274868
2018-06-24,0.016572969811198046,1.0,0.0,-0.016572969811198046,0.0,-0.016572969811198046,0.0
2018-06-25,-0.02789054758175369,0.0,0.0,0.02789054758175369,1.0,0.0,0.02789054758175369
2018-06-26,0.011969549990956896,1.0,0.0,-0.011969549990956896,0.0,-0.011969549990956896,0.0
2018-06-27,-0.04409494874002817,0.0,0.0,0.04409494874002817,1.0,0.0,0.04409494874002817
2018-06-28,0.05605506926149406,1.0,0.0,-0.05605506926149406,0.0,-0.05605506926149406,0.0
2018-06-29,0.02987140488951101,1.0,0.0,-0.02987140488951101,0.0,-0.02987140488951101,0.0
2018-06-30,-0.005016487208738929,0.0,0.0,0.005016487208738929,1.0,0.0,0.005016487208738929
2018-07-01,0.03969026826663313,1.0,0.0,-0.03969026826663313,0.0,-0.03969026826663313,0.0
2018-07-02,-0.016013294055442273,0.0,0.0,0.016013294055442273,1.0,0.0,0.016013294055442273
2018-07-03,0.013034466876487238,1.0,0.0,-0.013034466876487238,0.0,-0.013034466876487238,0.0
2018-07-04,-0.007865543161978628,0.0,0.0,0.007865543161978628,1.0,0.0,0.007865543161978628
2018-07-05,0.010876040632398887,1.0,1.0,0.010876040632398887,1.0,0.0,0.010876040632398887
2018-07-06,0.022334043549873783,1.0,1.0,0.022334043549873783,1.0,0.0,0.022334043549873783
2018-07-07,-0.007493902889660786,0.0,0.0,0.007493902889660786,1.0,0.0,0.007493902889660786
2018-07-08,-0.007103711205099117,0.0,0.0,0.007103711205099117,1.0,0.0,0.007103711205099117
2018-07-09,-0.05398149120307183,0.0,1.0,-0.05398149120307183,0.0,-0.05398149120307183,0.0
2018-07-10,0.0129851598173516,1.0,0.0,-0.0129851598173516,0.0,-0.0129851598173516,0.0
2018-07-11,-0.021677544568092566,0.0,0.0,0.021677544568092566,1.0,0.0,0.021677544568092566
2018-07-12,-0.0032636866860782376,0.0,0.0,0.0032636866860782376,1.0,0.0,0.0032636866860782376
2018-07-13,0.0039485088761195275,1.0,0.0,-0.0039485088761195275,0.0,-0.0039485088761195275,0.0
2018-07-14,0.01728272686576693,1.0,0.0,-0.01728272686576693,0.0,-0.01728272686576693,0.0
2018-07-15,0.05767810275188978,1.0,0.0,-0.05767810275188978,0.0,-0.05767810275188978,0.0
2018-07-16,0.08798050491091991,1.0,0.0,-0.08798050491091991,0.0,-0.08798050491091991,0.0
2018-07-17,0.008413001912045859,1.0,1.0,0.008413001912045859,1.0,0.0,0.008413001912045859
2018-07-18,0.012717373638875262,1.0,0.0,-0.012717373638875262,0.0,-0.012717373638875262,0.0
2018-07-19,-0.018468739551989355,0.0,0.0,0.018468739551989355,1.0,0.0,0.018468739551989355
2018-07-20,0.009442188734773982,1.0,1.0,0.009442188734773982,1.0,0.0,0.009442188734773982
2018-07-21,0.0004859152077962836,1.0,0.0,-0.0004859152077962836,0.0,-0.0004859152077962836,0.0
2018-07-22,0.04191681394438973,1.0,1.0,0.04191681394438973,1.0,0.0,0.04191681394438973
2018-07-23,0.08856661918943409,1.0,0.0,-0.08856661918943409,0.0,-0.08856661918943409,0.0
2018-07-24,-0.027750683953848054,0.0,0.0,0.027750683953848054,1.0,0.0,0.027750683953848054
2018-07-25,-0.028958733498904987,0.0,0.0,0.028958733498904987,1.0,0.0,0.028958733498904987
2018-07-26,0.031548443996472164,1.0,1.0,0.031548443996472164,1.0,0.0,0.031548443996472164
2018-07-27,0.005703886459682117,1.0,1.0,0.005703886459682117,1.0,0.0,0.005703886459682117
2018-07-28,-0.0022467543508094545,0.0,1.0,-0.0022467543508094545,0.0,-0.0022467543508094545,0.0
2018-07-29,-0.00468620672866249,0.0,1.0,-0.00468620672866249,0.0,-0.00468620672866249,0.0
2018-07-30,-0.054750461655110105,0.0,0.0,0.054750461655110105,1.0,0.0,0.054750461655110105
2018-07-31,-0.01591326623023781,0.0,0.0,0.01591326623023781,1.0,0.0,0.01591326623023781
2018-08-01,-0.009307951198990194,0.0,0.0,0.009307951198990194,1.0,0.0,0.009307951198990194
2018-08-02,-0.015473220446945213,0.0,0.0,0.015473220446945213,1.0,0.0,0.015473220446945213
2018-08-03,-0.05454913061059441,0.0,1.0,-0.05454913061059441,0.0,-0.05454913061059441,0.0
2018-08-04,0.001824843533923648,1.0,1.0,0.001824843533923648,1.0,0.0,0.001824843533923648
2018-08-05,-0.011882568911784408,0.0,1.0,-0.011882568911784408,0.0,-0.011882568911784408,0.0
2018-08-06,-0.03149662999020686,0.0,1.0,-0.03149662999020686,0.0,-0.03149662999020686,0.0
2018-08-07,-0.065621793632619,0.0,0.0,0.065621793632619,1.0,0.0,0.065621793632619
2018-08-08,0.040613660958686015,1.0,0.0,-0.040613660958686015,0.0,-0.040613660958686015,0.0
2018-08-09,-0.059108704961154945,0.0,0.0,0.059108704961154945,1.0,0.0,0.059108704961154945
2018-08-10,0.012889488483981637,1.0,0.0,-0.012889488483981637,0.0,-0.012889488483981637,0.0
2018-08-11,0.013062455870081369,1.0,0.0,-0.013062455870081369,0.0,-0.013062455870081369,0.0
2018-08-12,-0.009139870109298287,0.0,0.0,0.009139870109298287,1.0,0.0,0.009139870109298287
2018-08-13,-0.010407174715841072,0.0,0.0,0.010407174715841072,1.0,0.0,0.010407174715841072
2018-08-14,0.010775096119673089,1.0,0.0,-0.010775096119673089,0.0,-0.010775096119673089,0.0
2018-08-15,0.007959213028816192,1.0,0.0,-0.007959213028816192,0.0,-0.007959213028816192,0.0
2018-08-16,0.043604420695450896,1.0,0.0,-0.043604420695450896,0.0,-0.043604420695450896,0.0
2018-08-17,-0.030782320677028685,0.0,0.0,0.030782320677028685,1.0,0.0,0.030782320677028685
2018-08-18,0.016052421187941812,1.0,1.0,0.016052421187941812,1.0,0.0,0.016052421187941812
2018-08-19,-0.03292447735863602,0.0,0.0,0.03292447735863602,1.0,0.0,0.03292447735863602
2018-08-20,0.034157081093154185,1.0,0.0,-0.034157081093154185,0.0,-0.034157081093154185,0.0
2018-08-21,-0.01891333189349287,0.0,0.0,0.01891333189349287,1.0,0.0,0.01891333189349287
2018-08-22,0.025410403170010643,1.0,0.0,-0.025410403170010643,0.0,-0.025410403170010643,0.0
2018-08-23,0.024412684781941918,1.0,1.0,0.024412684781941918,1.0,0.0,0.024412684781941918
2018-08-24,0.00814322495658959,1.0,0.0,-0.00814322495658959,0.0,-0.00814322495658959,0.0
2018-08-25,-0.0032814634436063583,0.0,1.0,-0.0032814634436063583,0.0,-0.0032814634436063583,0.0
2018-08-26,0.027544803134357254,1.0,0.0,-0.027544803134357254,0.0,-0.027544803134357254,0.0
2018-08-27,0.025661099512874097,1.0,1.0,0.025661099512874097,1.0,0.0,0.025661099512874097
2018-08-28,-0.006431459022418262,0.0,0.0,0.006431459022418262,1.0,0.0,0.006431459022418262
2018-08-29,-0.005036206626737538,0.0,1.0,-0.005036206626737538,0.0,-0.005036206626737538,0.0
2018-08-30,0.005733731787179952,1.0,0.0,-0.005733731787179952,0.0,-0.005733731787179952,0.0
2018-08-31,0.022150189086979966,1.0,0.0,-0.022150189086979966,0.0,-0.022150189086979966,0.0
2018-09-01,0.014507065761655724,1.0,0.0,-0.014507065761655724,0.0,-0.014507065761655724,0.0
2018-09-02,-0.004071895693661842,0.0,0.0,0.004071895693661842,1.0,0.0,0.004071895693661842
2018-09-03,0.015597037526499768,1.0,1.0,0.015597037526499768,1.0,0.0,0.015597037526499768
2018-09-04,-0.09091155540494744,0.0,0.0,0.09091155540494744,1.0,0.0,0.09091155540494744
2018-09-05,-0.028746943400727698,0.0,1.0,-0.028746943400727698,0.0,-0.028746943400727698,0.0
2018-09-06,-0.018897758673626086,0.0,1.0,-0.018897758673626086,0.0,-0.018897758673626086,0.0
2018-09-07,-0.03232721525919657,0.0,1.0,-0.03232721525919657,0.0,-0.03232721525919657,0.0
2018-09-08,0.008764128518991665,1.0,1.0,0.008764128518991665,1.0,0.0,0.008764128518991665
2018-09-09,0.01322433277230095,1.0,1.0,0.01322433277230095,1.0,0.0,0.01322433277230095
2018-09-10,-0.004287296313874478,0.0,0.0,0.004287296313874478,1.0,0.0,0.004287296313874478
2018-09-11,0.007006784346748507,1.0,0.0,-0.007006784346748507,0.0,-0.007006784346748507,0.0
2018-09-12,0.022862101609340435,1.0,0.0,-0.022862101609340435,0.0,-0.022862101609340435,0.0
2018-09-13,0.0001234015641149444,1.0,0.0,-0.0001234015641149444,0.0,-0.0001234015641149444,0.0
2018-09-14,0.005444422166355656,1.0,0.0,-0.005444422166355656,0.0,-0.005444422166355656,0.0
2018-09-15,-0.0028838778953828026,0.0,0.0,0.0028838778953828026,1.0,0.0,0.0028838778953828026
2018-09-16,-0.038198824651549224,0.0,0.0,0.038198824651549224,1.0,0.0,0.038198824651549224
2018-09-17,0.01441161886786424,1.0,0.0,-0.01441161886786424,0.0,-0.01441161886786424,0.0
2018-09-18,0.007631661936297718,1.0,0.0,-0.007631661936297718,0.0,-0.007631661936297718,0.0
2018-09-19,0.015460691036554897,1.0,1.0,0.015460691036554897,1.0,0.0,0.015460691036554897
2018-09-20,0.04276336066079023,1.0,1.0,0.04276336066079023,1.0,0.0,0.04276336066079023
2018-09-21,-0.005482731612159508,0.0,1.0,-0.005482731612159508,0.0,-0.005482731612159508,0.0
2018-09-22,-0.0037892296718973206,0.0,0.0,0.0037892296718973206,1.0,0.0,0.0037892296718973206
2018-09-23,-0.01789949433928495,0.0,0.0,0.01789949433928495,1.0,0.0,0.01789949433928495
2018-09-24,-0.02111146550022025,0.0,0.0,0.02111146550022025,1.0,0.0,0.02111146550022025
2018-09-25,0.00356860250422808,1.0,0.0,-0.00356860250422808,0.0,-0.00356860250422808,0.0
2018-09-26,0.03418314497302144,1.0,0.0,-0.03418314497302144,0.0,-0.03418314497302144,0.0
2018-09-27,-0.007953118459606556,0.0,1.0,-0.007953118459606556,0.0,-0.007953118459606556,0.0
2018-09-28,-0.004837251356238803,0.0,0.0,0.004837251356238803,1.0,0.0,0.004837251356238803
2018-09-29,0.004739623555777728,1.0,0.0,-0.004739623555777728,0.0,-0.004739623555777728,0.0
2018-09-30,-0.004069206655413549,0.0,0.0,0.004069206655413549,1.0,0.0,0.004069206655413549
2018-10-01,-0.0088223722042311,0.0,1.0,-0.0088223722042311,0.0,-0.0088223722042311,0.0
2018-10-02,-0.006427579047008303,0.0,0.0,0.006427579047008303,1.0,0.0,0.006427579047008303
2018-10-03,0.011739758443713555,1.0,1.0,0.011739758443713555,1.0,0.0,0.011739758443713555
2018-10-04,0.008338142826767259,1.0,0.0,-0.008338142826767259,0.0,-0.008338142826767259,0.0
2018-10-05,-0.0064466569263906814,0.0,0.0,0.0064466569263906814,1.0,0.0,0.0064466569263906814
2018-10-06,0.002228522050240267,1.0,0.0,-0.002228522050240267,0.0,-0.002228522050240267,0.0
2018-10-07,0.008864014521252406,1.0,0.0,-0.008864014521252406,0.0,-0.008864014521252406,0.0
2018-10-08,-0.002818759745711885,0.0,0.0,0.002818759745711885,1.0,0.0,0.002818759745711885
2018-10-09,-0.0049317375353341575,0.0,0.0,0.0049317375353341575,1.0,0.0,0.0049317375353341575
2018-10-10,-0.0572529465095194,0.0,0.0,0.0572529465095194,1.0,0.0,0.0572529465095194
2018-10-11,0.008366591335288609,1.0,0.0,-0.008366591335288609,0.0,-0.008366591335288609,0.0
2018-10-12,0.004832069683531115,1.0,0.0,-0.004832069683531115,0.0,-0.004832069683531115,0.0
2018-10-13,0.0008067450211177718,1.0,0.0,-0.0008067450211177718,0.0,-0.0008067450211177718,0.0
2018-10-14,0.0589555541505975,1.0,0.0,-0.0589555541505975,0.0,-0.0589555541505975,0.0
2018-10-15,0.0008209200274635897,1.0,1.0,0.0008209200274635897,1.0,0.0,0.0008209200274635897
2018-10-16,-0.0027888386798502474,0.0,0.0,0.0027888386798502474,1.0,0.0,0.0027888386798502474
2018-10-17,-0.016824694164448317,0.0,0.0,0.016824694164448317,1.0,0.0,0.016824694164448317
2018-10-18,-0.00944615993063691,0.0,1.0,-0.00944615993063691,0.0,-0.00944615993063691,0.0
2018-10-19,0.009244471744471738,1.0,1.0,0.009244471744471738,1.0,0.0,0.009244471744471738
2018-10-20,0.001643285353458479,1.0,1.0,0.001643285353458479,1.0,0.0,0.001643285353458479
2018-10-21,-0.0041318547774570336,0.0,1.0,-0.0041318547774570336,0.0,-0.0041318547774570336,0.0
2018-10-22,-0.004133744165471853,0.0,0.0,0.004133744165471853,1.0,0.0,0.004133744165471853
2018-10-23,0.0003063397000935275,1.0,1.0,0.0003063397000935275,1.0,0.0,0.0003063397000935275
2018-10-24,-0.0036290137351279173,0.0,0.0,0.0036290137351279173,1.0,0.0,0.0036290137351279173
2018-10-25,0.0004610419548178868,1.0,0.0,-0.0004610419548178868,0.0,-0.0004610419548178868,0.0
2018-10-26,-0.002427035330261118,0.0,0.0,0.002427035330261118,1.0,0.0,0.002427035330261118
2018-10-27,-0.001247266791906565,0.0,1.0,-0.001247266791906565,0.0,-0.001247266791906565,0.0
2018-10-28,-0.023295971384961756,0.0,0.0,0.023295971384961756,1.0,0.0,0.023295971384961756
2018-10-29,-0.0014680347277032935,0.0,1.0,-0.0014680347277032935,0.0,-0.0014680347277032935,0.0
2018-10-30,0.006355027902050336,1.0,0.0,-0.006355027902050336,0.0,-0.006355027902050336,0.0
2018-10-31,0.005435209475486591,1.0,0.0,-0.005435209475486591,0.0,-0.005435209475486591,0.0
2018-11-01,0.0037809546129208282,1.0,0.0,-0.0037809546129208282,0.0,-0.0037809546129208282,0.0
2018-11-02,-0.005992497704172983,0.0,0.0,0.005992497704172983,1.0,0.0,0.005992497704172983
2018-11-03,0.01440606307350234,1.0,0.0,-0.01440606307350234,0.0,-0.01440606307350234,0.0
2018-11-04,-0.002855731530363337,0.0,0.0,0.002855731530363337,1.0,0.0,0.002855731530363337
2018-11-05,0.006672136476926216,1.0,0.0,-0.006672136476926216,0.0,-0.006672136476926216,0.0
2018-11-06,0.009611244387033313,1.0,1.0,0.009611244387033313,1.0,0.0,0.009611244387033313
2018-11-07,-0.013906447534766109,0.0,0.0,0.013906447534766109,1.0,0.0,0.013906447534766109
2018-11-08,-0.009576768612913233,0.0,0.0,0.009576768612913233,1.0,0.0,0.009576768612913233
2018-11-09,0.0023549594510294813,1.0,1.0,0.0023549594510294813,1.0,0.0,0.0023549594510294813
2018-11-10,0.002956232204260001,1.0,1.0,0.002956232204260001,1.0,0.0,0.002956232204260001
2018-11-11,-0.0017219714245824136,0.0,0.0,0.0017219714245824136,1.0,0.0,0.0017219714245824136
2018-11-12,-0.00090132090132089,0.0,0.0,0.00090132090132089,1.0,0.0,0.00090132090132089
2018-11-13,-0.09127107571704107,0.0,1.0,-0.09127107571704107,0.0,-0.09127107571704107,0.0
2018-11-14,-0.021138573189100396,0.0,1.0,-0.021138573189100396,0.0,-0.021138573189100396,0.0
2018-11-15,-0.014460822885519864,0.0,0.0,0.014460822885519864,1.0,0.0,0.014460822885519864
2018-11-16,-0.0025549128845675506,0.0,0.0,0.0025549128845675506,1.0,0.0,0.0025549128845675506
2018-11-17,0.006492582446903095,1.0,0.0,-0.006492582446903095,0.0,-0.006492582446903095,0.0
2018-11-18,-0.13687856776770413,0.0,0.0,0.13687856776770413,1.0,0.0,0.13687856776770413
2018-11-19,-0.07354928539252215,0.0,0.0,0.07354928539252215,1.0,0.0,0.07354928539252215
2018-11-20,0.025217698802104005,1.0,1.0,0.025217698802104005,1.0,0.0,0.025217698802104005
2018-11-21,-0.060943798909177116,0.0,0.0,0.060943798909177116,1.0,0.0,0.060943798909177116
2018-11-22,0.009641873278236845,1.0,0.0,-0.009641873278236845,0.0,-0.009641873278236845,0.0
2018-11-23,-0.10859481582537511,0.0,0.0,0.10859481582537511,1.0,0.0,0.10859481582537511
2018-11-24,0.03616977859402093,1.0,0.0,-0.03616977859402093,0.0,-0.03616977859402093,0.0
2018-11-25,-0.05543794003249469,0.0,0.0,0.05543794003249469,1.0,0.0,0.05543794003249469
2018-11-26,0.00768829814959604,1.0,0.0,-0.00768829814959604,0.0,-0.00768829814959604,0.0
2018-11-27,0.10316824001034508,1.0,0.0,-0.10316824001034508,0.0,-0.10316824001034508,0.0
2018-11-28,0.007291227083040308,1.0,1.0,0.007291227083040308,1.0,0.0,0.007291227083040308
2018-11-29,-0.059769579890608715,0.0,0.0,0.059769579890608715,1.0,0.0,0.059769579890608715
2018-11-30,0.03874050053221767,1.0,0.0,-0.03874050053221767,0.0,-0.03874050053221767,0.0
2018-12-01,-0.008531528525809073,0.0,1.0,-0.008531528525809073,0.0,-0.008531528525809073,0.0
2018-12-02,-0.06311893087203146,0.0,1.0,-0.06311893087203146,0.0,-0.06311893087203146,0.0
2018-12-03,0.01557288726974182,1.0,1.0,0.01557288726974182,1.0,0.0,0.01557288726974182
2018-12-04,-0.04721485411140591,0.0,1.0,-0.04721485411140591,0.0,-0.04721485411140591,0.0
2018-12-05,-0.06973167886308196,0.0,1.0,-0.06973167886308196,0.0,-0.06973167886308196,0.0
2018-12-06,-0.02462520663512513,0.0,1.0,-0.02462520663512513,0.0,-0.02462520663512513,0.0
2018-12-07,0.002396119455321255,1.0,0.0,-0.002396119455321255,0.0,-0.002396119455321255,0.0
2018-12-08,0.03996618470149249,1.0,0.0,-0.03996618470149249,0.0,-0.03996618470149249,0.0
2018-12-09,-0.029992992291520637,0.0,0.0,0.029992992291520637,1.0,0.0,0.029992992291520637
2018-12-10,-0.015257910706545363,0.0,1.0,-0.015257910706545363,0.0,-0.015257910706545363,0.0
2018-12-11,0.017137658831470004,1.0,1.0,0.017137658831470004,1.0,0.0,0.017137658831470004
2018-12-12,-0.0435071117394189,0.0,1.0,-0.0435071117394189,0.0,-0.0435071117394189,0.0
2018-12-13,-0.02036014840285949,0.0,1.0,-0.02036014840285949,0.0,-0.02036014840285949,0.0
2018-12-14,-0.005880903996551612,0.0,1.0,-0.005880903996551612,0.0,-0.005880903996551612,0.0
2018-12-15,0.0059466658407409945,1.0,1.0,0.0059466658407409945,1.0,0.0,0.0059466658407409945
2018-12-16,0.085655346531605,1.0,1.0,0.085655346531605,1.0,0.0,0.085655346531605
2018-12-17,0.04024276112418823,1.0,0.0,-0.04024276112418823,0.0,-0.04024276112418823,0.0
2018-12-18,0.005207197382769868,1.0,1.0,0.005207197382769868,1.0,0.0,0.005207197382769868
2018-12-19,0.10547584822760436,1.0,1.0,0.10547584822760436,1.0,0.0,0.10547584822760436
2018-12-20,-0.055225711481844963,0.0,1.0,-0.055225711481844963,0.0,-0.055225711481844963,0.0
2018-12-21,0.029473629541146185,1.0,1.0,0.029473629541146185,1.0,0.0,0.029473629541146185
2018-12-22,-0.005044899606497788,0.0,1.0,-0.005044899606497788,0.0,-0.005044899606497788,0.0
2018-12-23,0.02071290944123305,1.0,1.0,0.02071290944123305,1.0,0.0,0.02071290944123305
2018-12-24,-0.06547279004495665,0.0,1.0,-0.06547279004495665,0.0,-0.06547279004495665,0.0
2018-12-25,0.00829235880398671,1.0,0.0,-0.00829235880398671,0.0,-0.00829235880398671,0.0
2018-12-26,-0.05451142683923338,0.0,0.0,0.05451142683923338,1.0,0.0,0.05451142683923338
2018-12-27,0.07658423708494788,1.0,1.0,0.07658423708494788,1.0,0.0,0.07658423708494788
2018-12-28,-0.040087010565568626,0.0,0.0,0.040087010565568626,1.0,0.0,0.040087010565568626
2018-12-29,0.02918959749649286,1.0,1.0,0.02918959749649286,1.0,0.0,0.02918959749649286
2018-12-30,-0.027680209698558333,0.0,0.0,0.027680209698558333,1.0,0.0,0.027680209698558333
2018-12-31,0.02695853776891144,1.0,1.0,0.02695853776891144,1.0,0.0,0.02695853776891144
2019-01-01,0.016905549430356492,1.0,0.0,-0.016905549430356492,0.0,-0.016905549430356492,0.0
2019-01-02,-0.024188135680726974,0.0,1.0,-0.024188135680726974,0.0,-0.024188135680726974,0.0
2019-01-03,0.0059786778127561835,1.0,1.0,0.0059786778127561835,1.0,0.0,0.0059786778127561835
2019-01-04,-0.004549399111157815,0.0,0.0,0.004549399111157815,1.0,0.0,0.004549399111157815
2019-01-05,0.05777460770328102,1.0,0.0,-0.05777460770328102,0.0,-0.05777460770328102,0.0
2019-01-06,-0.004545341025448901,0.0,0.0,0.004545341025448901,1.0,0.0,0.004545341025448901
2019-01-07,-0.003738177074186555,0.0,0.0,0.003738177074186555,1.0,0.0,0.003738177074186555
2019-01-08,0.00176278015613196,1.0,0.0,-0.00176278015613196,0.0,-0.00176278015613196,0.0
2019-01-09,-0.09409250879839115,0.0,0.0,0.09409250879839115,1.0,0.0,0.09409250879839115
2019-01-10,0.0035519049865415653,1.0,1.0,0.0035519049865415653,1.0,0.0,0.0035519049865415653
2019-01-11,-0.005336651458592634,0.0,0.0,0.005336651458592634,1.0,0.0,0.005336651458592634
2019-01-12,-0.029745357500277958,0.0,1.0,-0.029745357500277958,0.0,-0.029745357500277958,0.0
2019-01-13,0.0423757950833763,1.0,0.0,-0.0423757950833763,0.0,-0.0423757950833763,0.0
2019-01-14,-0.0183612325114757,0.0,0.0,0.0183612325114757,1.0,0.0,0.0183612325114757
2019-01-15,0.004676168342060194,1.0,0.0,-0.004676168342060194,0.0,-0.004676168342060194,0.0
2019-01-16,0.010702341137123872,1.0,0.0,-0.010702341137123872,0.0,-0.010702341137123872,0.0
2019-01-17,-0.005735715861460489,0.0,0.0,0.005735715861460489,1.0,0.0,0.005735715861460489
2019-01-18,0.020024406478810874,1.0,0.0,-0.020024406478810874,0.0,-0.020024406478810874,0.0
2019-01-19,-0.03684267768774807,0.0,1.0,-0.03684267768774807,0.0,-0.03684267768774807,0.0
2019-01-20,-0.0015808937695848124,0.0,1.0,-0.0015808937695848124,0.0,-0.0015808937695848124,0.0
2019-01-21,0.01227132637769679,1.0,1.0,0.01227132637769679,1.0,0.0,0.01227132637769679
2019-01-22,-0.005195385603754099,0.0,0.0,0.005195385603754099,1.0,0.0,0.005195385603754099
2019-01-23,0.00359399129580229,1.0,1.0,0.00359399129580229,1.0,0.0,0.00359399129580229
2019-01-24,-0.0006434826399575044,0.0,1.0,-0.0006434826399575044,0.0,-0.0006434826399575044,0.0
2019-01-25,-0.000307950727883477,0.0,0.0,0.000307950727883477,1.0,0.0,0.000307950727883477
2019-01-26,-0.004284634125850673,0.0,0.0,0.004284634125850673,1.0,0.0,0.004284634125850673
2019-01-27,-0.03172460344245687,0.0,0.0,0.03172460344245687,1.0,0.0,0.03172460344245687
2019-01-28,-0.008132915069129831,0.0,0.0,0.008132915069129831,1.0,0.0,0.008132915069129831
2019-01-29,0.01323649994143139,1.0,0.0,-0.01323649994143139,0.0,-0.01323649994143139,0.0
2019-01-30,-0.006589595375722568,0.0,0.0,0.006589595375722568,1.0,0.0,0.006589595375722568
2019-01-31,0.008931688583730946,1.0,0.0,-0.008931688583730946,0.0,-0.008931688583730946,0.0
2019-02-01,0.009977219643011681,1.0,0.0,-0.009977219643011681,0.0,-0.009977219643011681,0.0
2019-02-02,-0.012391149179157734,0.0,0.0,0.012391149179157734,1.0,0.0,0.012391149179157734
2019-02-03,0.0010696423925298237,1.0,0.0,-0.0010696423925298237,0.0,-0.0010696423925298237,0.0
2019-02-04,0.0016171884024489547,1.0,0.0,-0.0016171884024489547,0.0,-0.0016171884024489547,0.0
2019-02-05,-0.018481144043362874,0.0,1.0,-0.018481144043362874,0.0,-0.018481144043362874,0.0
2019-02-06,-0.0019387245542403786,0.0,0.0,0.0019387245542403786,1.0,0.0,0.0019387245542403786
2019-02-07,0.07769962033140065,1.0,1.0,0.07769962033140065,1.0,0.0,0.07769962033140065
2019-02-08,-8.19291585875126e-05,0.0,0.0,8.19291585875126e-05,1.0,0.0,8.19291585875126e-05
2019-02-09,0.0048069044627738755,1.0,0.0,-0.0048069044627738755,0.0,-0.0048069044627738755,0.0
2019-02-10,-0.012829573253601456,0.0,0.0,0.012829573253601456,1.0,0.0,0.012829573253601456
2019-02-11,5.506911173513984e-05,1.0,1.0,5.506911173513984e-05,1.0,0.0,5.506911173513984e-05
2019-02-12,-0.005644273127753285,0.0,0.0,0.005644273127753285,1.0,0.0,0.005644273127753285
2019-02-13,-0.005233282569569453,0.0,0.0,0.005233282569569453,1.0,0.0,0.005233282569569453
2019-02-14,0.003368034292712707,1.0,0.0,-0.003368034292712707,0.0,-0.003368034292712707,0.0
2019-02-15,0.0033567287152884706,1.0,0.0,-0.0033567287152884706,0.0,-0.0033567287152884706,0.0
2019-02-16,0.013105507631054891,1.0,1.0,0.013105507631054891,1.0,0.0,0.013105507631054891
2019-02-17,0.06326073904262874,1.0,1.0,0.06326073904262874,1.0,0.0,0.06326073904262874
2019-02-18,0.004697125256673651,1.0,1.0,0.004697125256673651,1.0,0.0,0.004697125256673651
2019-02-19,0.014843011521855631,1.0,1.0,0.014843011521855631,1.0,0.0,0.014843011521855631
2019-02-20,-0.00901218407008364,0.0,1.0,-0.00901218407008364,0.0,-0.00901218407008364,0.0
2019-02-21,0.0072651526698166435,1.0,1.0,0.0072651526698166435,1.0,0.0,0.0072651526698166435
2019-02-22,0.03914052254615141,1.0,1.0,0.03914052254615141,1.0,0.0,0.03914052254615141
2019-02-23,-0.08863217163382198,0.0,1.0,-0.08863217163382198,0.0,-0.08863217163382198,0.0
2019-02-24,0.02090434597358337,1.0,0.0,-0.02090434597358337,0.0,-0.02090434597358337,0.0
2019-02-25,-0.006103763987792332,0.0,1.0,-0.006103763987792332,0.0,-0.006103763987792332,0.0
2019-02-26,0.0011285200640369641,1.0,0.0,-0.0011285200640369641,0.0,-0.0011285200640369641,0.0
2019-02-27,0.0005243013684266273,1.0,1.0,0.0005243013684266273,1.0,0.0,0.0005243013684266273
2019-02-28,0.001388670544463677,1.0,1.0,0.001388670544463677,1.0,0.0,0.001388670544463677
2019-03-01,0.0003139799576126201,1.0,0.0,-0.0003139799576126201,0.0,-0.0003139799576126201,0.0
2019-03-02,-0.0035573225916141205,0.0,1.0,-0.0035573225916141205,0.0,-0.0035573225916141205,0.0
2019-03-03,-0.024570153563459707,0.0,1.0,-0.024570153563459707,0.0,-0.024570153563459707,0.0
2019-03-04,0.03802578110282839,1.0,1.0,0.03802578110282839,1.0,0.0,0.03802578110282839
2019-03-05,0.0015036814269417942,1.0,0.0,-0.0015036814269417942,0.0,-0.0015036814269417942,0.0
2019-03-06,0.0031322806109241874,1.0,0.0,-0.0031322806109241874,0.0,-0.0031322806109241874,0.0
2019-03-07,-0.002374132280457242,0.0,1.0,-0.002374132280457242,0.0,-0.002374132280457242,0.0
2019-03-08,0.02027988308026596,1.0,0.0,-0.02027988308026596,0.0,-0.02027988308026596,0.0
2019-03-09,-0.007377734959308491,0.0,0.0,0.007377734959308491,1.0,0.0,0.007377734959308491
2019-03-10,-0.011468124233755539,0.0,0.0,0.011468124233755539,1.0,0.0,0.011468124233755539
2019-03-11,0.004056533085290415,1.0,1.0,0.004056533085290415,1.0,0.0,0.004056533085290415
2019-03-12,-0.005378281008749375,0.0,1.0,-0.005378281008749375,0.0,-0.005378281008749375,0.0
2019-03-13,0.0035962847015600374,1.0,0.0,-0.0035962847015600374,0.0,-0.0035962847015600374,0.0
2019-03-14,0.011678267594740888,1.0,0.0,-0.011678267594740888,0.0,-0.011678267594740888,0.0
2019-03-15,0.020920928573248787,1.0,0.0,-0.020920928573248787,0.0,-0.020920928573248787,0.0
2019-03-16,-0.006215055910543166,0.0,0.0,0.006215055910543166,1.0,0.0,0.006215055910543166
2019-03-17,0.0021851061157853735,1.0,0.0,-0.0021851061157853735,0.0,-0.0021851061157853735,0.0
2019-03-18,0.006716455315523007,1.0,0.0,-0.006716455315523007,0.0,-0.006716455315523007,0.0
2019-03-19,0.00602439631565832,1.0,0.0,-0.00602439631565832,0.0,-0.00602439631565832,0.0
2019-03-20,-0.014599623874096856,0.0,0.0,0.014599623874096856,1.0,0.0,0.014599623874096856
2019-03-21,0.0020591632765809553,1.0,0.0,-0.0020591632765809553,0.0,-0.0020591632765809553,0.0
2019-03-22,0.003032277465918165,1.0,1.0,0.003032277465918165,1.0,0.0,0.003032277465918165
2019-03-23,-0.0019487820112430443,0.0,1.0,-0.0019487820112430443,0.0,-0.0019487820112430443,0.0
2019-03-24,-0.014444138483490576,0.0,0.0,0.014444138483490576,1.0,0.0,0.014444138483490576
2019-03-25,0.0014732029464059604,1.0,1.0,0.0014732029464059604,1.0,0.0,0.0014732029464059604
2019-03-26,0.025083696865171756,1.0,0.0,-0.025083696865171756,0.0,-0.025083696865171756,0.0
2019-03-27,-0.003983472301259394,0.0,0.0,0.003983472301259394,1.0,0.0,0.003983472301259394
2019-03-28,0.019028219395866408,1.0,1.0,0.019028219395866408,1.0,0.0,0.019028219395866408
2019-03-29,0.0023402076934329052,1.0,1.0,0.0023402076934329052,1.0,0.0,0.0023402076934329052
2019-03-30,-0.0023104236587382365,0.0,1.0,-0.0023104236587382365,0.0,-0.0023104236587382365,0.0
2019-03-31,0.01043317163542401,1.0,1.0,0.01043317163542401,1.0,0.0,0.01043317163542401
2019-04-01,0.17229982388844656,1.0,1.0,0.17229982388844656,1.0,0.0,0.17229982388844656
2019-04-02,0.022513530755458477,1.0,0.0,-0.022513530755458477,0.0,-0.022513530755458477,0.0
2019-04-03,-0.01334353050093584,0.0,1.0,-0.01334353050093584,0.0,-0.01334353050093584,0.0
2019-04-04,0.021989229765013052,1.0,1.0,0.021989229765013052,1.0,0.0,0.021989229765013052
2019-04-05,0.00718534190251896,1.0,1.0,0.00718534190251896,1.0,0.0,0.00718534190251896
2019-04-06,0.02524672030438757,1.0,1.0,0.02524672030438757,1.0,0.0,0.02524672030438757
2019-04-07,0.013839492809648801,1.0,1.0,0.013839492809648801,1.0,0.0,0.013839492809648801
2019-04-08,-0.01654846335697402,0.0,1.0,-0.01654846335697402,0.0,-0.01654846335697402,0.0
2019-04-09,0.02896246898263044,1.0,1.0,0.02896246898263044,1.0,0.0,0.02896246898263044
2019-04-10,-0.053732243113907785,0.0,1.0,-0.053732243113907785,0.0,-0.053732243113907785,0.0
2019-04-11,0.006291562139131068,1.0,1.0,0.006291562139131068,1.0,0.0,0.006291562139131068
2019-04-12,-0.00047485259783930367,0.0,1.0,-0.00047485259783930367,0.0,-0.00047485259783930367,0.0
2019-04-13,0.016429787402509888,1.0,1.0,0.016429787402509888,1.0,0.0,0.016429787402509888
2019-04-14,-0.019961829087793093,0.0,1.0,-0.019961829087793093,0.0,-0.019961829087793093,0.0
2019-04-15,0.0295292411024779,1.0,1.0,0.0295292411024779,1.0,0.0,0.0295292411024779
2019-04-16,0.005288656411048365,1.0,1.0,0.005288656411048365,1.0,0.0,0.005288656411048365
2019-04-17,0.010828869304763566,1.0,1.0,0.010828869304763566,1.0,0.0,0.010828869304763566
2019-04-18,-0.004501681007464731,0.0,1.0,-0.004501681007464731,0.0,-0.004501681007464731,0.0
2019-04-19,0.009387521465369142,1.0,1.0,0.009387521465369142,1.0,0.0,0.009387521465369142
2019-04-20,-0.008827643567350885,0.0,1.0,-0.008827643567350885,0.0,-0.008827643567350885,0.0
2019-04-21,0.019681510441498906,1.0,1.0,0.019681510441498906,1.0,0.0,0.019681510441498906
2019-04-22,0.030841453606897717,1.0,1.0,0.030841453606897717,1.0,0.0,0.030841453606897717
2019-04-23,-0.017417809710428944,0.0,0.0,0.017417809710428944,1.0,0.0,0.017417809710428944
2019-04-24,-0.03813058571534089,0.0,0.0,0.03813058571534089,1.0,0.0,0.03813058571534089
2019-04-25,0.017123879364957517,1.0,1.0,0.017123879364957517,1.0,0.0,0.017123879364957517
2019-04-26,-0.006115169016477129,0.0,0.0,0.006115169016477129,1.0,0.0,0.006115169016477129
2019-04-27,0.00691239864030857,1.0,1.0,0.00691239864030857,1.0,0.0,0.00691239864030857
2019-04-28,-0.012692605095901865,0.0,0.0,0.012692605095901865,1.0,0.0,0.012692605095901865
2019-04-29,0.01638968481375369,1.0,0.0,-0.01638968481375369,0.0,-0.01638968481375369,0.0
2019-04-30,0.011915501428356512,1.0,0.0,-0.011915501428356512,0.0,-0.011915501428356512,0.0
2019-05-01,0.02035585602317891,1.0,0.0,-0.02035585602317891,0.0,-0.02035585602317891,0.0
2019-05-02,0.049692380501656475,1.0,0.0,-0.049692380501656475,0.0,-0.049692380501656475,0.0
2019-05-03,0.011115349934105456,1.0,0.0,-0.011115349934105456,0.0,-0.011115349934105456,0.0
2019-05-04,-0.009604006242604046,0.0,0.0,0.009604006242604046,1.0,0.0,0.009604006242604046
2019-05-05,-0.005160262515368053,0.0,0.0,0.005160262515368053,1.0,0.0,0.005160262515368053
2019-05-06,0.018172007449826832,1.0,0.0,-0.018172007449826832,0.0,-0.018172007449826832,0.0
2019-05-07,0.024070433370373623,1.0,0.0,-0.024070433370373623,0.0,-0.024070433370373623,0.0
2019-05-08,0.033587633340567136,1.0,0.0,-0.033587633340567136,0.0,-0.033587633340567136,0.0
2019-05-09,0.031414035371073235,1.0,0.0,-0.031414035371073235,0.0,-0.031414035371073235,0.0
2019-05-10,0.12594738490447854,1.0,0.0,-0.12594738490447854,0.0,-0.12594738490447854,0.0
2019-05-11,-0.02858017050748929,0.0,0.0,0.02858017050748929,1.0,0.0,0.02858017050748929
2019-05-12,0.1175695796586873,1.0,0.0,-0.1175695796586873,0.0,-0.1175695796586873,0.0
2019-05-13,0.024160901870356133,1.0,0.0,-0.024160901870356133,0.0,-0.024160901870356133,0.0
2019-05-14,0.021264353438571026,1.0,0.0,-0.021264353438571026,0.0,-0.021264353438571026,0.0
2019-05-15,-0.035862136540675604,0.0,0.0,0.035862136540675604,1.0,0.0,0.035862136540675604
2019-05-16,-0.065080413628395,0.0,1.0,-0.065080413628395,0.0,-0.065080413628395,0.0
2019-05-17,-0.013166655343433642,0.0,1.0,-0.013166655343433642,0.0,-0.013166655343433642,0.0
2019-05-18,0.12317902679481163,1.0,1.0,0.12317902679481163,1.0,0.0,0.12317902679481163
2019-05-19,-0.023525229245329182,0.0,1.0,-0.023525229245329182,0.0,-0.023525229245329182,0.0
2019-05-20,-0.00439405923191849,0.0,0.0,0.00439405923191849,1.0,0.0,0.00439405923191849
2019-05-21,-0.03714865768003739,0.0,1.0,-0.03714865768003739,0.0,-0.03714865768003739,0.0
2019-05-22,0.028340558167555097,1.0,0.0,-0.028340558167555097,0.0,-0.028340558167555097,0.0
2019-05-23,0.015027826950751999,1.0,0.0,-0.015027826950751999,0.0,-0.015027826950751999,0.0
2019-05-24,0.007189370271389217,1.0,0.0,-0.007189370271389217,0.0,-0.007189370271389217,0.0
2019-05-25,0.07509280713556077,1.0,1.0,0.07509280713556077,1.0,0.0,0.07509280713556077
2019-05-26,0.015051794859910483,1.0,0.0,-0.015051794859910483,0.0,-0.015051794859910483,0.0
2019-05-27,-0.0049999429230260795,0.0,0.0,0.0049999429230260795,1.0,0.0,0.0049999429230260795
2019-05-28,-0.007858839186351996,0.0,1.0,-0.007858839186351996,0.0,-0.007858839186351996,0.0
2019-05-29,-0.043467702768334116,0.0,1.0,-0.043467702768334116,0.0,-0.043467702768334116,0.0
2019-05-30,0.03462324254403448,1.0,1.0,0.03462324254403448,1.0,0.0,0.03462324254403448
2019-05-31,-0.0014722550039141247,0.0,1.0,-0.0014722550039141247,0.0,-0.0014722550039141247,0.0
2019-06-01,0.02140257673449808,1.0,1.0,0.02140257673449808,1.0,0.0,0.02140257673449808
2019-06-02,-0.06917489631785168,0.0,1.0,-0.06917489631785168,0.0,-0.06917489631785168,0.0
2019-06-03,-0.05406902323749507,0.0,1.0,-0.05406902323749507,0.0,-0.05406902323749507,0.0
2019-06-04,0.012178778218723707,1.0,1.0,0.012178778218723707,1.0,0.0,0.012178778218723707
2019-06-05,0.0007455875358330921,1.0,0.0,-0.0007455875358330921,0.0,-0.0007455875358330921,0.0
2019-06-06,0.025729296458528728,1.0,0.0,-0.025729296458528728,0.0,-0.025729296458528728,0.0
2019-06-07,-0.010494414667134189,0.0,0.0,0.010494414667134189,1.0,0.0,0.010494414667134189
2019-06-08,-0.0337155440807958,0.0,0.0,0.0337155440807958,1.0,0.0,0.0337155440807958
2019-06-09,0.0462082514734774,1.0,0.0,-0.0462082514734774,0.0,-0.0462082514734774,0.0
2019-06-10,-0.012494053431483021,0.0,0.0,0.012494053431483021,1.0,0.0,0.012494053431483021
2019-06-11,0.03107251521298182,1.0,0.0,-0.03107251521298182,0.0,-0.03107251521298182,0.0
2019-06-12,0.010561778411675604,1.0,0.0,-0.010561778411675604,0.0,-0.010561778411675604,0.0
2019-06-13,0.05318165226913263,1.0,0.0,-0.05318165226913263,0.0,-0.05318165226913263,0.0
2019-06-14,0.01806818313097125,1.0,0.0,-0.01806818313097125,0.0,-0.01806818313097125,0.0
2019-06-15,0.017021276595744705,1.0,0.0,-0.017021276595744705,0.0,-0.017021276595744705,0.0
2019-06-16,0.039754532775453155,1.0,0.0,-0.039754532775453155,0.0,-0.039754532775453155,0.0
2019-06-17,-0.02556123105979302,0.0,0.0,0.02556123105979302,1.0,0.0,0.02556123105979302
2019-06-18,0.019249829306433375,1.0,0.0,-0.019249829306433375,0.0,-0.019249829306433375,0.0
2019-06-19,0.02826458067722637,1.0,0.0,-0.02826458067722637,0.0,-0.02826458067722637,0.0
2019-06-20,0.06959125774929076,1.0,0.0,-0.06959125774929076,0.0,-0.06959125774929076,0.0
2019-06-21,0.05328460699655202,1.0,0.0,-0.05328460699655202,0.0,-0.05328460699655202,0.0
2019-06-22,0.016359345999235053,1.0,1.0,0.016359345999235053,1.0,0.0,0.016359345999235053
2019-06-23,0.013700892898110384,1.0,0.0,-0.013700892898110384,0.0,-0.013700892898110384,0.0
2019-06-24,0.06911754055619923,1.0,0.0,-0.06911754055619923,0.0,-0.06911754055619923,0.0
2019-06-25,0.10617363398504631,1.0,1.0,0.10617363398504631,1.0,0.0,0.10617363398504631
2019-06-26,-0.13594819271574887,0.0,0.0,0.13594819271574887,1.0,0.0,0.13594819271574887
2019-06-27,0.09933733765658515,1.0,1.0,0.09933733765658515,1.0,0.0,0.09933733765658515
2019-06-28,-0.04050253443037777,0.0,1.0,-0.04050253443037777,0.0,-0.04050253443037777,0.0
2019-06-29,-0.09137025994204839,0.0,1.0,-0.09137025994204839,0.0,-0.09137025994204839,0.0
2019-06-30,-0.01867154715027819,0.0,1.0,-0.01867154715027819,0.0,-0.01867154715027819,0.0
2019-07-01,0.02065633065199779,1.0,0.0,-0.02065633065199779,0.0,-0.02065633065199779,0.0
2019-07-02,0.09827517788093276,1.0,0.0,-0.09827517788093276,0.0,-0.09827517788093276,0.0
2019-07-03,-0.0619874294165097,0.0,0.0,0.0619874294165097,1.0,0.0,0.0619874294165097
2019-07-04,-0.017280146195949087,0.0,0.0,0.017280146195949087,1.0,0.0,0.017280146195949087
2019-07-05,0.027146268983245347,1.0,0.0,-0.027146268983245347,0.0,-0.027146268983245347,0.0
2019-07-06,0.013125665601703806,1.0,1.0,0.013125665601703806,1.0,0.0,0.013125665601703806
2019-07-07,0.07329251307387064,1.0,0.0,-0.07329251307387064,0.0,-0.07329251307387064,0.0
2019-07-08,0.023578669017188192,1.0,1.0,0.023578669017188192,1.0,0.0,0.023578669017188192
2019-07-09,-0.03435793166686596,0.0,0.0,0.03435793166686596,1.0,0.0,0.03435793166686596
2019-07-10,-0.06344029197562473,0.0,1.0,-0.06344029197562473,0.0,-0.06344029197562473,0.0
2019-07-11,0.037011893531294415,1.0,0.0,-0.037011893531294415,0.0,-0.037011893531294415,0.0
2019-07-12,-0.033769479939806724,0.0,0.0,0.033769479939806724,1.0,0.0,0.033769479939806724
2019-07-13,-0.10249100300046632,0.0,0.0,0.10249100300046632,1.0,0.0,0.10249100300046632
2019-07-14,0.06331310477348251,1.0,0.0,-0.06331310477348251,0.0,-0.06331310477348251,0.0
2019-07-15,-0.13102647083229613,0.0,0.0,0.13102647083229613,1.0,0.0,0.13102647083229613
2019-07-16,0.03166114930820818,1.0,0.0,-0.03166114930820818,0.0,-0.03166114930820818,0.0
2019-07-17,0.09546239921013644,1.0,0.0,-0.09546239921013644,0.0,-0.09546239921013644,0.0
2019-07-18,-0.0075013613233940735,0.0,0.0,0.0075013613233940735,1.0,0.0,0.0075013613233940735
2019-07-19,0.024140377429882287,1.0,0.0,-0.024140377429882287,0.0,-0.024140377429882287,0.0
2019-07-20,-0.01037250501076048,0.0,0.0,0.01037250501076048,1.0,0.0,0.01037250501076048
2019-07-21,-0.028177032778316957,0.0,0.0,0.028177032778316957,1.0,0.0,0.028177032778316957
2019-07-22,-0.005330132052821179,0.0,0.0,0.005330132052821179,1.0,0.0,0.005330132052821179
